id,dni,nombre,apellido,telefono,email,direccion_calle,direccion_numero
1,15631576,Lance,Barrett,(380) 806-4574,lance.barrett@example.com,Wycliff Ave,7858
2,15197682,Elaine,Ruiz,(578) 385-4612,elaine.ruiz@example.com,Wheeler Ridge Dr,280
3,53733719,Derrick,Shelton,(502) 324-9412,derrick.shelton@example.com,Karen Dr,8546
4,54662812,Rosemary,Rice,(262) 646-7328,rosemary.rice@example.com,Miller Ave,9773
5,08550704,Margie,Bishop,(610) 653-8658,margie.bishop@example.com,Karen Dr,4450
6,33885754,Barry,Henderson,(357) 529-0001,barry.henderson@example.com,Thornridge Cir,4600
7,54585422,Albert,Day,(240) 284-6521,albert.day@example.com,Miller Ave,5037
8,78815127,Andy,Berry,(665) 860-5719,andy.berry@example.com,Karen Dr,5185
9,46122260,Brianna,Fisher,(597) 553-5415,brianna.fisher@example.com,Fairview St,7784
10,80177591,Aiden,Simmmons,(257) 306-4927,aiden.simmmons@example.com,Dogwood Ave,3735
11,30095783,Vincent,Fowler,(580) 850-4137,vincent.fowler@example.com,E North St,5057
12,40004809,Clyde,Rogers,(581) 691-9522,clyde.rogers@example.com,Nowlin Rd,6903
13,80560413,Charlotte,Wallace,(360) 346-5610,charlotte.wallace@example.com,W Pecan St,9550
14,30882703,Alfredo,Mckinney,(906) 747-5218,alfredo.mckinney@example.com,Homestead Rd,9657
15,59803218,Thomas,Chambers,(724) 909-0625,thomas.chambers@example.com,Hickory Creek Dr,4164
16,86965569,Edith,Mckinney,(771) 873-6824,edith.mckinney@example.com,Country Club Rd,7037
17,28148022,Sherry,Sutton,(361) 214-9736,sherry.sutton@example.com,Avondale Ave,93
18,29791415,Maureen,Walters,(593) 784-0119,maureen.walters@example.com,Frances Ct,9621
19,80280334,Manuel,Nelson,(597) 379-9933,manuel.nelson@example.com,Spring St,4245
20,77738665,Lauren,Stewart,(288) 435-0161,lauren.stewart@example.com,Spring St,4674
21,05088053,Daryl,Ford,(546) 773-4409,daryl.ford@example.com,Preston Rd,5796
22,18659339,Tim,Torres,(631) 440-4672,tim.torres@example.com,Elgin St,9935
23,54184097,Lillian,Larson,(714) 731-1315,lillian.larson@example.com,Homestead Rd,6284
24,87731475,Marvin,Knight,(924) 607-1267,marvin.knight@example.com,Paddock Way,9527
25,16350580,Elijah,Holland,(515) 895-0594,elijah.holland@example.com,Photinia Ave,8197
26,65355362,Terra,Diaz,(770) 773-5308,terra.diaz@example.com,Railroad St,465
27,15122422,Jim,Lane,(323) 609-5864,jim.lane@example.com,W Pecan St,4419
28,36718588,Brayden,Walker,(642) 935-0823,brayden.walker@example.com,Photinia Ave,4156
29,65423265,Bradley,Garcia,(709) 212-8640,bradley.garcia@example.com,Camden Ave,1104
30,47054431,Avery,Lane,(447) 748-1906,avery.lane@example.com,Eason Rd,6374
31,66836302,Erin,Coleman,(347) 592-5824,erin.coleman@example.com,Shady Ln Dr,5913
32,36163441,Riley,Peck,(296) 972-7646,riley.peck@example.com,Camden Ave,32
33,24077660,Stanley,Davidson,(847) 258-1384,stanley.davidson@example.com,Hunters Creek Dr,5988
34,10836240,Erin,Austin,(562) 420-5872,erin.austin@example.com,Robinson Rd,3331
35,34472351,Hannah,Flores,(266) 395-2955,hannah.flores@example.com,Robinson Rd,6682
36,56724524,Milton,Shelton,(413) 819-6514,milton.shelton@example.com,Photinia Ave,4582
37,76360620,Howard,Gomez,(442) 662-6018,howard.gomez@example.com,Oak Ridge Ln,4193
38,51926056,Jimmy,Jensen,(201) 808-3677,jimmy.jensen@example.com,Robinson Rd,275
39,61632050,Daisy,Rodriquez,(523) 672-5399,daisy.rodriquez@example.com,Locust Rd,8983
40,51602152,Devon,Perry,(499) 718-4381,devon.perry@example.com,Bruce St,7936
41,35513079,Pamela,Fisher,(661) 676-3129,pamela.fisher@example.com,W Belt Line Rd,8341
42,83006888,Bessie,Williams,(871) 425-0141,bessie.williams@example.com,White Oak Dr,2793
43,16055658,Alfred,Clark,(671) 698-5005,alfred.clark@example.com,W 6th St,2913
44,23503664,Erica,Edwards,(397) 229-8895,erica.edwards@example.com,Depaul Dr,9675
45,47787247,Regina,Baker,(702) 619-4799,regina.baker@example.com,W Belt Line Rd,9813
46,29777949,Brianna,Frazier,(225) 823-7541,brianna.frazier@example.com,James St,6881
47,53866025,Logan,Jackson,(808) 298-4760,logan.jackson@example.com,Spring St,3877
48,03157944,Herman,Elliott,(577) 997-0811,herman.elliott@example.com,Elgin St,190
49,88947287,Frank,Adams,(932) 902-6839,frank.adams@example.com,Nowlin Rd,7571
50,72481509,Sonia,Simpson,(507) 954-9658,sonia.simpson@example.com,Spring Hill Rd,7126
